{
    "accuracy": 0.88,
    "precision": 1.0,
    "recall": 0.7551020408163265,
    "auc": 0.9787915166066427
}